id,thumb,title,url
f3af29a46934bbd36d9e99f7d9043bd4,https://p2.ssl.qhimgs1.com/sdr/200_200_/t011793037e8f5badf2.jpg,"安特里姆郡,屋舍",https://p2.ssl.qhimgs1.com/t011793037e8f5badf2.jpg
f338a3aaada31dd3930b94861cd556c4,https://p0.ssl.qhimgs1.com/sdr/200_200_/t0159020b769ea4dcc4.jpg,"传统,屋舍,爱尔兰",https://p0.ssl.qhimgs1.com/t0159020b769ea4dcc4.jpg
f08efb203277680c6353b5b0443bfe01,https://p3.ssl.qhimgs1.com/sdr/200_200_/t01eec7277125552189.jpg,花盘栽的鲜花,https://p3.ssl.qhimgs1.com/t01eec7277125552189.jpg
f07b6826e3def3b50528a7d79676efdf,https://p5.ssl.qhimgs1.com/sdr/200_200_/t0184f7ba66e5be7a65.jpg,"复活节,卡,巧克力,复活节彩蛋,桌子",https://p5.ssl.qhimgs1.com/t0184f7ba66e5be7a65.jpg
f028e3128155f6aa90134959f226fec4,https://p2.ssl.qhimgs1.com/sdr/200_200_/t01887984d357229b3c.jpg,温室内盛开的菊花,https://p2.ssl.qhimgs1.com/t01887984d357229b3c.jpg
efd81dd4c47ad2be42bff750cb165b2d,https://p0.ssl.qhimgs1.com/sdr/200_200_/t01a8033cde22e08446.jpg,"湖南新宁县,中国丹霞,崀山,林家寨",https://p0.ssl.qhimgs1.com/t01a8033cde22e08446.jpg
ef89e61e338ef09eab785576ced6c113,https://p5.ssl.qhimgs1.com/sdr/200_200_/t0172fcb9ecb09c6b85.jpg,"印度尼西亚,传统,家",https://p5.ssl.qhimgs1.com/t0172fcb9ecb09c6b85.jpg
ef5822a878e53087a9447a5cde847ee2,https://p3.ssl.qhimgs1.com/sdr/200_200_/t01260e5a1c3f74bfa3.jpg,"乡村,树林,家,装饰,圣诞灯光,黄昏,楚加奇山,背景,阿拉斯加",https://p3.ssl.qhimgs1.com/t01260e5a1c3f74bfa3.jpg
ef299ef1f7180f219ab75b7f0838a0c1,https://p5.ssl.qhimgs1.com/sdr/200_200_/t0147a06dcb96e548d5.jpg,"江门,五邑碧桂园,别墅",https://p5.ssl.qhimgs1.com/t0147a06dcb96e548d5.jpg
edbf6f014ff85071b93af137a2fd27a0,https://p0.ssl.qhimgs1.com/sdr/200_200_/t0165551348c09fd0ae.jpg,放松,https://p0.ssl.qhimgs1.com/t0165551348c09fd0ae.jpg
ed995816e31f0a864a2fae6b4a267516,https://p1.ssl.qhimgs1.com/sdr/200_200_/t01ee170dddbbb8d7e7.jpg,温室内盛开的菊花冷艳,https://p1.ssl.qhimgs1.com/t01ee170dddbbb8d7e7.jpg
924103165b8fb533bc7e04b944d32f31,https://p1.ssl.qhimgs1.com/sdr/200_200_/t01ea66673c27b5b10b.jpg,"岛屿,康纳玛拉,爱尔兰",https://p1.ssl.qhimgs1.com/t01ea66673c27b5b10b.jpg
9232764f805776307cce042afb34f965,https://p2.ssl.qhimgs1.com/sdr/200_200_/t014a4ffd99c092d5fc.jpg,"阳光,烟,火,画廊,图书馆,皮肤,大灰熊",https://p2.ssl.qhimgs1.com/t014a4ffd99c092d5fc.jpg
91f005a470ede77857e3ca6181c27779,https://p2.ssl.qhimgs1.com/sdr/200_200_/t0176d8e06100ec7e1c.jpg,"弗里斯兰奶牛,房子,雪,尼布伦,乡村,北方,海洋,岛屿,北弗里西亚群岛,石荷州,北德,欧洲",https://p2.ssl.qhimgs1.com/t0176d8e06100ec7e1c.jpg
8f3ebe127075a94c2632653f6b6db69c,https://p1.ssl.qhimgs1.com/sdr/200_200_/t01b3f481cfcb9800c1.jpg,"乡村,家,港口,靠近,爱尔兰",https://p1.ssl.qhimgs1.com/t01b3f481cfcb9800c1.jpg
8eb028b8d97aeb1b51aa022acc4e8fa3,https://p3.ssl.qhimgs1.com/sdr/200_200_/t01fa7a8f69a847502d.jpg,"楼梯,地下室,室内,住宅,原木,家,魁北克,加拿大,图像,地产,书本,杂志,报纸,使用,只有",https://p3.ssl.qhimgs1.com/t01fa7a8f69a847502d.jpg
8d3b60ea9db6cfbb95c59337b2a90875,https://p0.ssl.qhimgs1.com/sdr/200_200_/t0125685eba3de8f3d0.jpg,"农场,爱德华王子岛,加拿大",https://p0.ssl.qhimgs1.com/t0125685eba3de8f3d0.jpg
8ceb13c22e7c7f1ff8d13903b7af5ea7,https://p2.ssl.qhimgs1.com/sdr/200_200_/t010934375fb1bf60c2.jpg,"乡村,树林,家,装饰,圣诞灯光,黄昏,阿拉斯加",https://p2.ssl.qhimgs1.com/t010934375fb1bf60c2.jpg
8b129053abc25d81b2c8d30df07d7ba3,https://p5.ssl.qhimgs1.com/sdr/200_200_/t01d9399d5218b70565.jpg,"教堂塔,格林德威尔,伯恩,瑞士,欧洲",https://p5.ssl.qhimgs1.com/t01d9399d5218b70565.jpg
8a3778af29171156ac7f2d3783ff3095,https://p3.ssl.qhimgs1.com/sdr/200_200_/t01f30c40c67c06e479.jpg,"南方,高地,靠近,邓弗里斯,苏格兰",https://p3.ssl.qhimgs1.com/t01f30c40c67c06e479.jpg
8a22876d527156db671237dc04ff0f94,https://p1.ssl.qhimgs1.com/sdr/200_200_/t0197668579fcb290eb.jpg,"棉白杨,历史,特征,卡里布,区域,不列颠哥伦比亚省,加拿大",https://p1.ssl.qhimgs1.com/t0197668579fcb290eb.jpg
8a200944d381da7cf2ae0cbb811f692b,https://p2.ssl.qhimgs1.com/sdr/200_200_/t015f0a234cf073f1b2.jpg,"岛屿,湾,梅奥县,爱尔兰,景色",https://p2.ssl.qhimgs1.com/t015f0a234cf073f1b2.jpg
89a988e715d6cb703d5dafaefa051909,https://p5.ssl.qhimgs1.com/sdr/200_200_/t0135c5ec8763d20d75.jpg,"道路,地点,阴天",https://p5.ssl.qhimgs1.com/t0135c5ec8763d20d75.jpg
85e27d3c7515375b73e670dd385daff4,https://p2.ssl.qhimgs1.com/sdr/200_200_/t0119e0279cecafe552.jpg,"墙壁,涂绘,花,喷泉,树林,小树林,柱子,房间,红木,座椅",https://p2.ssl.qhimgs1.com/t0119e0279cecafe552.jpg
833b6bd77b0d477785646787386a3f8c,https://p0.ssl.qhimgs1.com/sdr/200_200_/t01f672377c3f75a346.jpg,"老,住宅,原木,家,冬天,魁北克,加拿大,图像,地产,书本,日历,杂志,报纸,使用,只有",https://p0.ssl.qhimgs1.com/t01f672377c3f75a346.jpg
828fcf83f4cf25e1ffbb4b39cfb4e356,https://p5.ssl.qhimgs1.com/sdr/200_200_/t011b09c1f67d4d3bb5.jpg,"非洲,南非,纳塔耳,祖鲁族,家,入口",https://p5.ssl.qhimgs1.com/t011b09c1f67d4d3bb5.jpg
ed90f566dc39b4d2925425bdc7e9636f,https://p3.ssl.qhimgs1.com/sdr/200_200_/t01083f3b17f3c71699.jpg,"风景,靠近,巴纳韦,著名,古老,稻米梯田,山脉,区域,北方,吕宋岛,菲律宾",https://p3.ssl.qhimgs1.com/t01083f3b17f3c71699.jpg
ed787b1c751b3787d5d35766f6ed12f6,https://p0.ssl.qhimgs1.com/sdr/200_200_/t01f75ab9cec91290a6.jpg,"乡村,花束,玫瑰,桌子",https://p0.ssl.qhimgs1.com/t01f75ab9cec91290a6.jpg
ed046619e5ece845d7c8291a52a02714,https://p1.ssl.qhimgs1.com/sdr/200_200_/t01fb690a405edfd031.jpg,"农庄,河,湖区国家公园,坎布里亚,英格兰,英国,欧洲",https://p1.ssl.qhimgs1.com/t01fb690a405edfd031.jpg
ecd1d3eadce413060fd4543113f26c6b,https://p3.ssl.qhimgs1.com/sdr/200_200_/t01ce1dce23e0bfdbb9.jpg,"枝状大烛台,动物塑像,墙壁,花,图案,壁纸",https://p3.ssl.qhimgs1.com/t01ce1dce23e0bfdbb9.jpg
ec955cd7dbb4b6f87fb775c6e1d1c969,https://p0.ssl.qhimgs1.com/sdr/200_200_/t0181d73333d55bc590.jpg,兜德朱伊壁纸设计,https://p0.ssl.qhimgs1.com/t0181d73333d55bc590.jpg
ec15b71b99ac90468605444502fe274f,https://p0.ssl.qhimgs1.com/sdr/200_200_/t01065de32abb4625de.jpg,"策马特峰,马塔角,山,瓦莱,沃利斯,阿尔卑斯山,瑞士,欧洲",https://p0.ssl.qhimgs1.com/t01065de32abb4625de.jpg
ec044ba13103cb6dabafb45fc674fc62,https://p5.ssl.qhimgs1.com/sdr/200_200_/t013429f49b77f05f15.jpg,"灭火器,隐藏,收集,拐棍,节瘤,木",https://p5.ssl.qhimgs1.com/t013429f49b77f05f15.jpg
ebf5d2c6d8708d2852b602585fcb0838,https://p0.ssl.qhimgs1.com/sdr/200_200_/t0146cc78c04601d170.jpg,"风景,河,桥,教皇宫,阿维尼翁,世界遗产,普罗旺斯,法国,欧洲",https://p0.ssl.qhimgs1.com/t0146cc78c04601d170.jpg
e97839018afab06be135ba8a97c4b939,https://p3.ssl.qhimgs1.com/sdr/200_200_/t01841bee866adc4ba3.jpg,"入口,房间,鲜明,灰色,镶板,墙壁,亮光,木地板",https://p3.ssl.qhimgs1.com/t01841bee866adc4ba3.jpg
e94eafacce9a4ee1234e251a30600eb3,https://p3.ssl.qhimgs1.com/sdr/200_200_/t01c32effb91c673fd3.jpg,"希望,城镇,伽斯佩,魁北克,加拿大",https://p3.ssl.qhimgs1.com/t01c32effb91c673fd3.jpg
e6c6963c05e0681186fba7fff44bff72,https://p5.ssl.qhimgs1.com/sdr/200_200_/t0162e6ff7737f53e75.jpg,"群,特兰提诺阿尔托阿迪杰,意大利,欧洲",https://p5.ssl.qhimgs1.com/t0162e6ff7737f53e75.jpg
e678be85077774ec4627501e6c15fa37,https://p3.ssl.qhimgs1.com/sdr/200_200_/t0178dbd2f580c7ea09.jpg,"传统,房子,城镇,伊尔库茨克,俄罗斯",https://p3.ssl.qhimgs1.com/t0178dbd2f580c7ea09.jpg
e5bfc0e6a35fa19978b27118d4d75c12,https://p5.ssl.qhimgs1.com/sdr/200_200_/t011ca68ee10450b865.jpg,"城墙,城市,爱尔兰,瞭望塔,远眺,喷泉,区域",https://p5.ssl.qhimgs1.com/t011ca68ee10450b865.jpg
e43c0475cd4bf5066bd17bbe12660ef4,https://p1.ssl.qhimgs1.com/sdr/200_200_/t01f22b4be5134033a7.jpg,"北岸,加斯佩半岛,劳伦斯河,民间艺术,乡村,魁北克,加拿大",https://p1.ssl.qhimgs1.com/t01f22b4be5134033a7.jpg
e394fe54c523369f91d6bd20c28fb351,https://p5.ssl.qhimgs1.com/sdr/200_200_/t0125e5cc35852a113f.jpg,"爱尔兰,哥特式,屋舍,一个,乡村",https://p5.ssl.qhimgs1.com/t0125e5cc35852a113f.jpg
e2ad721bee7617cc4341c1afae8e62cf,https://p1.ssl.qhimgs1.com/sdr/200_200_/t016aa3e2ed5c6fcfa1.jpg,"山峦,道路,爱尔兰",https://p1.ssl.qhimgs1.com/t016aa3e2ed5c6fcfa1.jpg
e1298f6196cfe56b07dff0fe96353d75,https://p3.ssl.qhimgs1.com/sdr/200_200_/t015d63edf3ac285279.jpg,"乡村,奈良县",https://p3.ssl.qhimgs1.com/t015d63edf3ac285279.jpg
e0fb9ed466d7db080faa122a2bbf29f8,https://p2.ssl.qhimgs1.com/sdr/200_200_/t011a0feed0b46b4f92.jpg,"豪华,装饰,客厅,圣诞时节,门框,老,住宅,原木,家,魁北克,加拿大",https://p2.ssl.qhimgs1.com/t011a0feed0b46b4f92.jpg
e00b0ab98ab78ab726726743bfd1d7ac,https://p0.ssl.qhimgs1.com/sdr/200_200_/t01c2bd0e087fcac966.jpg,"美景,房子,18世纪,世纪,菲英,菲英岛,丹麦,欧洲",https://p0.ssl.qhimgs1.com/t01c2bd0e087fcac966.jpg
c5f4e6e3b5f361ebb7c5dc0a7a0faa93,https://p1.ssl.qhimgs1.com/sdr/200_200_/t01a9fc7df1be324711.jpg,"魁北克,加拿大",https://p1.ssl.qhimgs1.com/t01a9fc7df1be324711.jpg
c5e20acaa0742cf486b5ca74e1070f48,https://p1.ssl.qhimgs1.com/sdr/200_200_/t013cbe04810c42bc41.jpg,"俯视,堡垒,艾伯塔省,加拿大",https://p1.ssl.qhimgs1.com/t013cbe04810c42bc41.jpg
c3cdec1ce92e02ed23cc59a4a762cdfe,https://p1.ssl.qhimgs1.com/sdr/200_200_/t018a82b104f5fbbd01.jpg,"白云岩,博尔查诺,省,特兰提诺阿尔托阿迪杰,意大利,欧洲",https://p1.ssl.qhimgs1.com/t018a82b104f5fbbd01.jpg
c34a49650d539a343fc275ce3df2de53,https://p1.ssl.qhimgs1.com/sdr/200_200_/t01604e41c93fd9f001.jpg,室内装饰,https://p1.ssl.qhimgs1.com/t01604e41c93fd9f001.jpg
c3200353068369309d24a0a9c12810fa,https://p0.ssl.qhimgs1.com/sdr/200_200_/t01550d614ce52ecf4a.jpg,"观景楼,圣奎里克,托斯卡纳,意大利,欧洲",https://p0.ssl.qhimgs1.com/t01550d614ce52ecf4a.jpg
c0ee0630a0a3dfe413eb74fde06c6776,https://p5.ssl.qhimgs1.com/sdr/200_200_/t01ff90a1af6e7e73f5.jpg,"殖民风格的威廉斯堡,弗吉尼亚,美国,北美",https://p5.ssl.qhimgs1.com/t01ff90a1af6e7e73f5.jpg
c0df3b0506a59c5b030448fd94d98170,https://p3.ssl.qhimgs1.com/sdr/200_200_/t016e5ce319c50eebd9.jpg,"乡村,城镇,魁北克,加拿大",https://p3.ssl.qhimgs1.com/t016e5ce319c50eebd9.jpg
c06df719686cd036098aaa720d512b13,https://p2.ssl.qhimgs1.com/sdr/200_200_/t016afef88d5fa8f23c.jpg,"航拍,农场,公园,角,爱德华王子岛,加拿大",https://p2.ssl.qhimgs1.com/t016afef88d5fa8f23c.jpg
c06ace0f531a5f99c6025f58383de2c4,https://p0.ssl.qhimgs1.com/sdr/200_200_/t01cd965a979fd22a3e.jpg,"茶,花园,房间,克雷尔县,爱尔兰",https://p0.ssl.qhimgs1.com/t01cd965a979fd22a3e.jpg
bff6519f2f23a192861a18a77c2c08d2,https://p2.ssl.qhimgs1.com/sdr/200_200_/t01ead8bfbd67e699bc.jpg,"蒲屋,间隙,多纳格,爱尔兰",https://p2.ssl.qhimgs1.com/t01ead8bfbd67e699bc.jpg
bd7f1565fa9e4fd9ee867463e66053f0,https://p0.ssl.qhimgs1.com/sdr/200_200_/t019457a05d8223e550.jpg,"旅行房车,驾驶,艾伯塔省,加拿大",https://p0.ssl.qhimgs1.com/t019457a05d8223e550.jpg
bc9b4dcab0841a48aa67f59ce1609a18,https://p0.ssl.qhimgs1.com/sdr/200_200_/t01a647a78455423470.jpg,"入口,英国,房子,中间,道路,沃里克郡,英格兰,欧洲",https://p0.ssl.qhimgs1.com/t01a647a78455423470.jpg
bbb189e401e7def521d13a0b40b74837,https://p0.ssl.qhimgs1.com/sdr/200_200_/t0123cf47efbe9d20a6.jpg,"草场,海岸,本伯伦,靠近,爱尔兰",https://p0.ssl.qhimgs1.com/t0123cf47efbe9d20a6.jpg
bb4f66c489fcd400ea4568fe95c2a6e8,https://p3.ssl.qhimgs1.com/sdr/200_200_/t01788280a8473a51ed.jpg,"约克郡谷地,冬天,约克郡,英格兰,英国,欧洲",https://p3.ssl.qhimgs1.com/t01788280a8473a51ed.jpg
66d00a646ec25e6e71d6d89e3307b7e2,https://p0.ssl.qhimgs1.com/sdr/200_200_/t01a9e11720c9189b04.jpg,安吉深溪峡谷漂流,https://p0.ssl.qhimgs1.com/t01a9e11720c9189b04.jpg
65c03339767860818572835cd28082ca,https://p2.ssl.qhimgs1.com/sdr/200_200_/t011bf3561bc54fa3b2.jpg,风光,https://p2.ssl.qhimgs1.com/t011bf3561bc54fa3b2.jpg
0c3729c203d025ad6ad10403b1306580,https://p0.ssl.qhimgs1.com/sdr/200_200_/t014ee8509d34bb9410.jpg,雅鲁藏布大峡谷,https://p0.ssl.qhimgs1.com/t014ee8509d34bb9410.jpg
9c25288a20c7f4b2d3a94b6990f88401,https://p1.ssl.qhimgs1.com/sdr/200_200_/t01b2c6cb9ffd94963b.jpg,坝上草原,https://p1.ssl.qhimgs1.com/t01b2c6cb9ffd94963b.jpg
bd3d048022202eeb78c003effbf9acfd,https://p0.ssl.qhimgs1.com/sdr/200_200_/t011eb2a9af41c6dd0a.jpg,太乙温泉,https://p0.ssl.qhimgs1.com/t011eb2a9af41c6dd0a.jpg
6ff2d3b3d95ad54ef6d7a50a967e7b64,https://p3.ssl.qhimgs1.com/sdr/200_200_/t017033824083124c53.jpg,蓝天牧场,https://p3.ssl.qhimgs1.com/t017033824083124c53.jpg
9834829cceb001c6b0b2bcf0b799fdb8,https://p2.ssl.qhimgs1.com/sdr/200_200_/t01ec5bd8f680ad78dc.jpg,大围山龙须峡谷漂流,https://p2.ssl.qhimgs1.com/t01ec5bd8f680ad78dc.jpg
e7d95d7470b49a2ac5163224b0cd6758,https://p2.ssl.qhimgs1.com/sdr/200_200_/t01c58668b484365c1c.jpg,紫龙湾温泉,https://p2.ssl.qhimgs1.com/t01c58668b484365c1c.jpg
6d52d1ae6be5490aaf068754eb87c07f,https://p3.ssl.qhimgs1.com/sdr/200_200_/t014f56eb8fd23035c9.jpg,临汾华尧水上乐园,https://p3.ssl.qhimgs1.com/t014f56eb8fd23035c9.jpg
770f4b5414d70005f0fa2e28f919caa0,https://p5.ssl.qhimgs1.com/sdr/200_200_/t01f12c7fe41ca8202f.jpg,龙女温泉,https://p5.ssl.qhimgs1.com/t01f12c7fe41ca8202f.jpg
453c5b967457f3d56510a45b82df8314,https://p3.ssl.qhimgs1.com/sdr/200_200_/t0173b4f5e4e93afa19.jpg,大围山峡谷漂流,https://p3.ssl.qhimgs1.com/t0173b4f5e4e93afa19.jpg
ffe7822478b82a5c23f21e2071b4db8b,https://p0.ssl.qhimgs1.com/sdr/200_200_/t01c48c2b155f23f1de.jpg,"安特里姆郡,北爱尔兰,黑白,房子,设计",https://p0.ssl.qhimgs1.com/t01c48c2b155f23f1de.jpg
ff698315eba1d266ec8be34c3e19acbc,https://p5.ssl.qhimgs1.com/sdr/200_200_/t01ad85dfd947a6fff5.jpg,"河,手推车,爱尔兰,风景,靠近",https://p5.ssl.qhimgs1.com/t01ad85dfd947a6fff5.jpg
fed28a0edc4179b2e498044aaa0786e9,https://p3.ssl.qhimgs1.com/sdr/200_200_/t0178488828832107fd.jpg,"公园,城堡,打开,窗户",https://p3.ssl.qhimgs1.com/t0178488828832107fd.jpg
fe4d7a282db02656e3e31dc449d48ac0,https://p0.ssl.qhimgs1.com/sdr/200_200_/t01e477ad494275c954.jpg,"柏树,土地,靠近,皮恩扎,托斯卡纳,意大利,欧洲",https://p0.ssl.qhimgs1.com/t01e477ad494275c954.jpg
fd04b586bd8f6dfd97fc34e1d8942f6d,https://p2.ssl.qhimgs1.com/sdr/200_200_/t01c9099c38489694e2.jpg,"丁格尔半岛,英寸",https://p2.ssl.qhimgs1.com/t01c9099c38489694e2.jpg
8251b6005e90276a40e9796576c60ea3,https://p0.ssl.qhimgs1.com/sdr/200_200_/t01df8658a40488afde.jpg,"两个,蓝色,椅子,土地,薰衣草,正面,房子,住宿加次日早餐,鹅卵石,山,不列颠哥伦比亚省,加拿大",https://p0.ssl.qhimgs1.com/t01df8658a40488afde.jpg
81103bbbe6e41c4f602a415d4ad30c79,https://p1.ssl.qhimgs1.com/sdr/200_200_/t01c9acb61ea94be327.jpg,"山梗莱属植物,折叠椅,墙壁",https://p1.ssl.qhimgs1.com/t01c9acb61ea94be327.jpg
80bc99fbe2627f471f904611f2b15b05,https://p2.ssl.qhimgs1.com/sdr/200_200_/t0112beee8998b1bc9c.jpg,"威克洛郡,爱尔兰,风景",https://p2.ssl.qhimgs1.com/t0112beee8998b1bc9c.jpg
8092ad3c93c6965390e27406335b1f7c,https://p3.ssl.qhimgs1.com/sdr/200_200_/t011524009dfcff56dd.jpg,"道路,风化,房子,边缘,苏格兰",https://p3.ssl.qhimgs1.com/t011524009dfcff56dd.jpg
803e2840caa0af079fcde1169a3274a7,https://p0.ssl.qhimgs1.com/sdr/200_200_/t01f354ef7b6d63cd54.jpg,"金字塔,欧元,纸牌",https://p0.ssl.qhimgs1.com/t01f354ef7b6d63cd54.jpg
7fa318fd6ddb2deba4f7247c04ef0209,https://p5.ssl.qhimgs1.com/sdr/200_200_/t01f04b6a757fe0322f.jpg,"客房,床,坐,巨大,展示,屋顶,砖,地面,特征,地产",https://p5.ssl.qhimgs1.com/t01f04b6a757fe0322f.jpg
7f3a162e915f80ceb9cf9a8f6acdebae,https://p3.ssl.qhimgs1.com/sdr/200_200_/t0159dbd8e145e54889.jpg,温室内盛开的黄色菊花,https://p3.ssl.qhimgs1.com/t0159dbd8e145e54889.jpg
7f3a09de4f04df6dc43058e81f3fee3d,https://p0.ssl.qhimgs1.com/sdr/200_200_/t014ccdb74f5a970a9a.jpg,"游泳池,别墅,法国南部",https://p0.ssl.qhimgs1.com/t014ccdb74f5a970a9a.jpg
7eaa79c0966a71ef27cb849351d39865,https://p0.ssl.qhimgs1.com/sdr/200_200_/t016bf5fb05bc36fa04.jpg,"秋叶,房子,新布兰斯维克,加拿大",https://p0.ssl.qhimgs1.com/t016bf5fb05bc36fa04.jpg
7e61b5346f6d101d2d439adff683f8aa,https://p2.ssl.qhimgs1.com/sdr/200_200_/t01af75bd80aec9c992.jpg,"彩色,房子,山,水,霍达兰,挪威",https://p2.ssl.qhimgs1.com/t01af75bd80aec9c992.jpg
7d8352619e953f0b8781a742cb502ea0,https://p5.ssl.qhimgs1.com/sdr/200_200_/t01a8e71ca6b3596da5.jpg,"渡轮,多纳格,爱尔兰",https://p5.ssl.qhimgs1.com/t01a8e71ca6b3596da5.jpg
7b765d4b03f094a8a95701dc481b2e83,https://p2.ssl.qhimgs1.com/sdr/200_200_/t0176c15c7fd7cac5c8.jpg,西班牙镇,https://p2.ssl.qhimgs1.com/t0176c15c7fd7cac5c8.jpg
7b3c0447c12ad487e115472d5cc35914,https://p0.ssl.qhimgs1.com/sdr/200_200_/t01c357ba8452324ed6.jpg,"红色,长椅,鹅卵石,乡村,街道",https://p0.ssl.qhimgs1.com/t01c357ba8452324ed6.jpg
7a8ca571c3e50a3b31541438a497cb6d,https://p0.ssl.qhimgs1.com/sdr/200_200_/t012260c675edc02cf0.jpg,"沃特福德,爱尔兰,蒲屋",https://p0.ssl.qhimgs1.com/t012260c675edc02cf0.jpg
79c16b83fb9229c7ff5eb51e5072ff1c,https://p0.ssl.qhimgs1.com/sdr/200_200_/t01aee0f7894fb33786.jpg,"房子,都柏林,爱尔兰",https://p0.ssl.qhimgs1.com/t01aee0f7894fb33786.jpg
b016bc25133296af9486f7ba297ac73c,https://p2.ssl.qhimgs1.com/sdr/200_200_/t013870abf79aca7b52.jpg,一个村和山,https://p2.ssl.qhimgs1.com/t013870abf79aca7b52.jpg
aeddd7c29fc663e600881b08bfbe4e7f,https://p3.ssl.qhimgs1.com/sdr/200_200_/t0144354a91815309ed.jpg,"法属玻利尼西亚,社会群岛,朗伊罗阿岛,乡村,教堂,岸边,岛屿",https://p3.ssl.qhimgs1.com/t0144354a91815309ed.jpg
ac722cd4a4574f99b24cdc6a21870115,https://p0.ssl.qhimgs1.com/sdr/200_200_/t01e683a9926b9abcca.jpg,"格林德威尔,伯恩,瑞士,欧洲",https://p0.ssl.qhimgs1.com/t01e683a9926b9abcca.jpg
aa34fefa8c84af0a0b37b7001acf6531,https://p0.ssl.qhimgs1.com/sdr/200_200_/t0164d664af0220da60.jpg,"街道,中世纪,房子,法国,欧洲",https://p0.ssl.qhimgs1.com/t0164d664af0220da60.jpg
a6d1c5e1d08994058216fb189b87b71a,https://p2.ssl.qhimgs1.com/sdr/200_200_/t0199798e1b17ea7d98.jpg,"美国,威斯康辛,密西西比河,山谷,木屋,家,作家,序列,书本",https://p2.ssl.qhimgs1.com/t0199798e1b17ea7d98.jpg
a6c2a2b43d9210220f8add5c8d5cf395,https://p1.ssl.qhimgs1.com/sdr/200_200_/t01582402faf70e7a57.jpg,放松,https://p1.ssl.qhimgs1.com/t01582402faf70e7a57.jpg
a6535b3b8e41b8fd67f924c23d3cc18c,https://p1.ssl.qhimgs1.com/sdr/200_200_/t01be7235bbeb788387.jpg,"冬天,隆河阿尔卑斯山省,法国",https://p1.ssl.qhimgs1.com/t01be7235bbeb788387.jpg
e0081ec41c80c6cc456424332782ddc0,https://p1.ssl.qhimgs1.com/sdr/200_200_/t0105567bca0b70ed01.jpg,温室内盛开的菊花粉毛菊,https://p1.ssl.qhimgs1.com/t0105567bca0b70ed01.jpg
de7c7adafdfc97dbb51dfffb689f077a,https://p0.ssl.qhimgs1.com/sdr/200_200_/t0196ffd873b399c946.jpg,"爱尔兰,茅草屋顶,屋舍",https://p0.ssl.qhimgs1.com/t0196ffd873b399c946.jpg
dd54a698581511ca5fd6063fde459ac1,https://p5.ssl.qhimgs1.com/sdr/200_200_/t01b52504158d736b85.jpg,"大门,入口,老,宅邸,沃里克郡,英格兰,英国,欧洲",https://p5.ssl.qhimgs1.com/t01b52504158d736b85.jpg
dd38b084214d20e2b5da8ed11fac411d,https://p2.ssl.qhimgs1.com/sdr/200_200_/t01a834f8665ed85b98.jpg,"雪盖,家,冬天,草地,黎明,室内,亮灯,阿拉斯加",https://p2.ssl.qhimgs1.com/t01a834f8665ed85b98.jpg
dbdcbcd62a91d2ce211e9105dd702716,https://p2.ssl.qhimgs1.com/sdr/200_200_/t015efc61225f6788c8.jpg,乡间小路,https://p2.ssl.qhimgs1.com/t015efc61225f6788c8.jpg
da7dcc6984ca09ee053d1715ac155661,https://p2.ssl.qhimgs1.com/sdr/200_200_/t0190401a830fc8dd08.jpg,"茅草屋顶,酒吧,爱尔兰",https://p2.ssl.qhimgs1.com/t0190401a830fc8dd08.jpg
da0ed4077026765c54a6fb87ac02d733,https://p1.ssl.qhimgs1.com/sdr/200_200_/t0130f6353963d532a1.jpg,域和一个农场瑞典,https://p1.ssl.qhimgs1.com/t0130f6353963d532a1.jpg
d99dade449f845383dc62dc8451da1d6,https://p1.ssl.qhimgs1.com/sdr/200_200_/t0106cd7addd9fb1027.jpg,"母牛,放牧,土地,水仙花,开花,苏格兰边境,苏格兰",https://p1.ssl.qhimgs1.com/t0106cd7addd9fb1027.jpg
d997e45b2d3067a5b9f9b2666b5a9f1c,https://p5.ssl.qhimgs1.com/sdr/200_200_/t01a826a87b1e5966af.jpg,"沿岸,家,冰山,纽芬兰,加拿大",https://p5.ssl.qhimgs1.com/t01a826a87b1e5966af.jpg
d92d12d60bf4da88ddb4bd73ccbcd0b2,https://p0.ssl.qhimgs1.com/sdr/200_200_/t01afc658d6f8f1f90e.jpg,"特写,梨,桌上",https://p0.ssl.qhimgs1.com/t01afc658d6f8f1f90e.jpg
d801f9ab73adecf551750258af4b5af2,https://p3.ssl.qhimgs1.com/sdr/200_200_/t016902d4a9f8a80313.jpg,矮牵牛在窗盒,https://p3.ssl.qhimgs1.com/t016902d4a9f8a80313.jpg
d5cafe69b374d5c6f51684899911ec83,https://p3.ssl.qhimgs1.com/sdr/200_200_/t01f19e45394a612eed.jpg,"历史,住房,茅草屋顶,斯凯岛,苏格兰,英国,欧洲",https://p3.ssl.qhimgs1.com/t01f19e45394a612eed.jpg
d529b6e5223b8ad40f1c342d3816f608,https://p5.ssl.qhimgs1.com/sdr/200_200_/t01c48900eecc726f85.jpg,"房子,庄园,墙壁,装饰,科拉莱霍,富埃特文图拉岛,西班牙,欧洲",https://p5.ssl.qhimgs1.com/t01c48900eecc726f85.jpg
d50f3567495561d0ca7effff4609459f,https://p1.ssl.qhimgs1.com/sdr/200_200_/t01c196e19942dbf7e7.jpg,"老,家园,水彩,美国,宾夕法尼亚,费城",https://p1.ssl.qhimgs1.com/t01c196e19942dbf7e7.jpg
d4785c4aaf50a82ed2f8431f097b86da,https://p0.ssl.qhimgs1.com/sdr/200_200_/t01c99b821c889f91b4.jpg,"俯视,堡垒,艾伯塔省,加拿大",https://p0.ssl.qhimgs1.com/t01c99b821c889f91b4.jpg
d29d7c2f74a1e24fac8aad654b46f873,https://p0.ssl.qhimgs1.com/sdr/200_200_/t010e38cfaccaa32394.jpg,"秋花,南瓜,花园椅",https://p0.ssl.qhimgs1.com/t010e38cfaccaa32394.jpg
d21f6c5677f08a3f9f90bdbbe8656bec,https://p3.ssl.qhimgs1.com/sdr/200_200_/t0150e727ccfaad0cb9.jpg,"积雪,乡村,20世纪",https://p3.ssl.qhimgs1.com/t0150e727ccfaad0cb9.jpg
ba99197e603ebb299082a58462baeecd,https://p0.ssl.qhimgs1.com/sdr/200_200_/t01b52adcef5061a096.jpg,"马略卡岛,巴利阿里群岛,西班牙,欧洲",https://p0.ssl.qhimgs1.com/t01b52adcef5061a096.jpg
b87241ff9c2dabc3698ab50ca2eef43f,https://p1.ssl.qhimgs1.com/sdr/200_200_/t0160832e3b7a27289b.jpg,"房子,乡村,北约克郡,英格兰",https://p1.ssl.qhimgs1.com/t0160832e3b7a27289b.jpg
b80c40cceaf7cd667bd7c8a17e84cf53,https://p0.ssl.qhimgs1.com/sdr/200_200_/t014c3a3877a424f6ee.jpg,"传统,康沃尔,英格兰,英国,欧洲",https://p0.ssl.qhimgs1.com/t014c3a3877a424f6ee.jpg
b7cc847ad343208810b0e2d9a391adac,https://p0.ssl.qhimgs1.com/sdr/200_200_/t013a925aa6af5957fe.jpg,"新斯科舍省,加拿大,岛屿,灯塔",https://p0.ssl.qhimgs1.com/t013a925aa6af5957fe.jpg
b7a38628db04111888274d39ac1b0059,https://p0.ssl.qhimgs1.com/sdr/200_200_/t01f1e75505b407938e.jpg,茶和饼干,https://p0.ssl.qhimgs1.com/t01f1e75505b407938e.jpg
b76ecdc931f176ea2df3952eb7473e00,https://p1.ssl.qhimgs1.com/sdr/200_200_/t0114a10409bede7417.jpg,"遥远,小屋,艾伯塔省,加拿大",https://p1.ssl.qhimgs1.com/t0114a10409bede7417.jpg
b5e3bd617ab6bbc103974019c5a11278,https://p0.ssl.qhimgs1.com/sdr/200_200_/t012f6fc905aa3477d6.jpg,"瀑布,斯奈山半岛,半岛,冰岛",https://p0.ssl.qhimgs1.com/t012f6fc905aa3477d6.jpg
b5c18bc2b3dc20c9f5f78f6c40fd59f2,https://p3.ssl.qhimgs1.com/sdr/200_200_/t014be98579731672d9.jpg,小麦田,https://p3.ssl.qhimgs1.com/t014be98579731672d9.jpg
b486202d3b4d6d4371cdbdc0a86932d9,https://p1.ssl.qhimgs1.com/sdr/200_200_/t019cf6f34b10b581c7.jpg,"花园,座椅,桌子,夏天",https://p1.ssl.qhimgs1.com/t019cf6f34b10b581c7.jpg
b3e44486aec4c3b664520d6f9fc16513,https://p3.ssl.qhimgs1.com/sdr/200_200_/t01fe3218d14d61447d.jpg,峡湾和恩德里达村挪威,https://p3.ssl.qhimgs1.com/t01fe3218d14d61447d.jpg
b3ccc0ff862979ba3ae829a0cf16b453,https://p0.ssl.qhimgs1.com/sdr/200_200_/t016f9e7f8bc45f5c94.jpg,"教堂,波伊根,一个,挪威,艺术,建筑,斯堪的纳维亚,欧洲",https://p0.ssl.qhimgs1.com/t016f9e7f8bc45f5c94.jpg
b3a9224df89d8f96709201dce7b4c5d6,https://p2.ssl.qhimgs1.com/sdr/200_200_/t01b63e560bf2cf6692.jpg,"弯曲,木制长椅,壁灯,一起,谷仓,平台,砖,地面",https://p2.ssl.qhimgs1.com/t01b63e560bf2cf6692.jpg
b3941430e074e7ef5a996dac14313f15,https://p0.ssl.qhimgs1.com/sdr/200_200_/t01210558059a6ef556.jpg,"半岛,科克郡,爱尔兰",https://p0.ssl.qhimgs1.com/t01210558059a6ef556.jpg
b30da60c68b0a162555cdd3f5f29919a,https://p3.ssl.qhimgs1.com/sdr/200_200_/t0105c18e1b2a5223c9.jpg,"纽芬兰,加拿大",https://p3.ssl.qhimgs1.com/t0105c18e1b2a5223c9.jpg
b25691a1ad829f71c0eb19b1d904a424,https://p3.ssl.qhimgs1.com/sdr/200_200_/t019e0a0dbbafea3119.jpg,"毁坏,房子,无叶,树,法国",https://p3.ssl.qhimgs1.com/t019e0a0dbbafea3119.jpg
b1934c57eb53667a35f0cffa83be9b08,https://p0.ssl.qhimgs1.com/sdr/200_200_/t01b10ccce08ab19320.jpg,"房子,位于,奥地利,阿尔卑斯山,树林,后面,积雪,山峦,低,云",https://p0.ssl.qhimgs1.com/t01b10ccce08ab19320.jpg
fc9c827595d4c4c28654ef731880abda,https://p1.ssl.qhimgs1.com/sdr/200_200_/t013049d553a76e668b.jpg,"乡村,阿尔萨斯,法国",https://p1.ssl.qhimgs1.com/t013049d553a76e668b.jpg
fc6422a543d8787db44062cb1e607c42,https://p0.ssl.qhimgs1.com/sdr/200_200_/t01b8acdb042e9368ae.jpg,"白色,沙发垫,木框,郊区住宅",https://p0.ssl.qhimgs1.com/t01b8acdb042e9368ae.jpg
fbc0aa7717e792b34c0e7c1ea32e854c,https://p3.ssl.qhimgs1.com/sdr/200_200_/t014936158d6777d339.jpg,温室内盛开的菊花飞鸟美人,https://p3.ssl.qhimgs1.com/t014936158d6777d339.jpg
fb6f646033bebb936ecfdf2697b74b24,https://p3.ssl.qhimgs1.com/sdr/200_200_/t011c38dc503bf0fa7d.jpg,"桌子,椅子,梯田,漂亮,风景,安达卢西亚,西班牙",https://p3.ssl.qhimgs1.com/t011c38dc503bf0fa7d.jpg
fb57df33c303faa2d9ffd0f7ae06a0a6,https://p2.ssl.qhimgs1.com/sdr/200_200_/t01c27cc459a810126c.jpg,"多纳格,爱尔兰,屋舍,船",https://p2.ssl.qhimgs1.com/t01c27cc459a810126c.jpg
f9826d3710ea849c2b7f7ab65e717522,https://p3.ssl.qhimgs1.com/sdr/200_200_/t0128979d3bda2080dd.jpg,"乡间小路,西部,魁北克,加拿大",https://p3.ssl.qhimgs1.com/t0128979d3bda2080dd.jpg
f93b99acf5092ba2d294e5a5022c22e3,https://p5.ssl.qhimgs1.com/sdr/200_200_/t01afdad72b660fbdd5.jpg,"花园,玫瑰,放置,小,铝,桶",https://p5.ssl.qhimgs1.com/t01afdad72b660fbdd5.jpg
f8fd6ca98fce9f7ff1859e3165004bc1,https://p3.ssl.qhimgs1.com/sdr/200_200_/t0171bddd40ecf74843.jpg,瑞典一村,https://p3.ssl.qhimgs1.com/t0171bddd40ecf74843.jpg
f80fde006d53f5798630c2c28acde039,https://p3.ssl.qhimgs1.com/sdr/200_200_/t01e0dc400f434adf79.jpg,"乡村,桌子,种类,凳子,软垫,软长椅,角,厨房",https://p3.ssl.qhimgs1.com/t01e0dc400f434adf79.jpg
f7a44f8d04c2d7e577085daa606798dd,https://p0.ssl.qhimgs1.com/sdr/200_200_/t01068d989d2b355906.jpg,"更衣室,主卧室,拱形,老式,胸部,灯",https://p0.ssl.qhimgs1.com/t01068d989d2b355906.jpg
f7911be7f6af43ac1720b4b92feaf008,https://p2.ssl.qhimgs1.com/sdr/200_200_/t010162832754f27bbc.jpg,"屋舍,圣诞灯光,雪地",https://p2.ssl.qhimgs1.com/t010162832754f27bbc.jpg
f7036cec145b3c883e56a2d665e6eba2,https://p0.ssl.qhimgs1.com/sdr/200_200_/t0187312f1945eb1670.jpg,"英国,格洛斯特郡,油画,1999年,收集",https://p0.ssl.qhimgs1.com/t0187312f1945eb1670.jpg
f4893d5b1797b8dd32a062be8ab9099d,https://p1.ssl.qhimgs1.com/sdr/200_200_/t0154975c56fb589d21.jpg,爱尔兰,https://p1.ssl.qhimgs1.com/t0154975c56fb589d21.jpg
f41dfeecfaaeae74d5bb11263046ed0c,https://p2.ssl.qhimgs1.com/sdr/200_200_/t01d7cb1e1c2ea0341c.jpg,"特写,餐厅,壁画,猴子,攀登,酒瓶,手,田园,风景",https://p2.ssl.qhimgs1.com/t01d7cb1e1c2ea0341c.jpg
a54cb78dbea1b1828e89bc2ff38a05db,https://p1.ssl.qhimgs1.com/sdr/200_200_/t01aa61c191f0d38c27.jpg,中国山东济南经典街巷,https://p1.ssl.qhimgs1.com/t01aa61c191f0d38c27.jpg
a42f9ffd47d2fa5fef2889eee4c2e2f7,https://p3.ssl.qhimgs1.com/sdr/200_200_/t016a432b26ec6ed0d9.jpg,美丽的托斯卡纳风景,https://p3.ssl.qhimgs1.com/t016a432b26ec6ed0d9.jpg
a40a8961a71dd24b5d66bfdf878d3cd3,https://p1.ssl.qhimgs1.com/sdr/200_200_/t01f14690946dff7af7.jpg,"花,杏树,种植园,靠近,马略卡岛,巴利阿里群岛,西班牙,欧洲",https://p1.ssl.qhimgs1.com/t01f14690946dff7af7.jpg
a38d5942c49a91d214ffe3295a24bd7e,https://p0.ssl.qhimgs1.com/sdr/200_200_/t01906eb5c28945b104.jpg,"乡间小路,山,沃特福德,爱尔兰",https://p0.ssl.qhimgs1.com/t01906eb5c28945b104.jpg
a1e320164ac9db206e421464e0704641,https://p1.ssl.qhimgs1.com/sdr/200_200_/t01f0f6f80839125287.jpg,"彩色,木质,小屋,挪威,欧洲",https://p1.ssl.qhimgs1.com/t01f0f6f80839125287.jpg
a121ee87dff22868e7a3ebb1aa0294f5,https://p3.ssl.qhimgs1.com/sdr/200_200_/t019c1fe7ae5ee84949.jpg,"特写,市政厅,乡村,安徽,中国,亚洲",https://p3.ssl.qhimgs1.com/t019c1fe7ae5ee84949.jpg
a108dd428e594eb772f5a4696c60cb3e,https://p5.ssl.qhimgs1.com/sdr/200_200_/t0121d692baefe612cf.jpg,"纽波特,爱尔兰,泊船,水,靠近,城镇",https://p5.ssl.qhimgs1.com/t0121d692baefe612cf.jpg
9e89f4121d7dc5b991acc68e13254d33,https://p3.ssl.qhimgs1.com/sdr/200_200_/t01cd67721ac73a9e99.jpg,"特色,绿色,木制,房子,阿尔萨斯,法国,欧洲",https://p3.ssl.qhimgs1.com/t01cd67721ac73a9e99.jpg
9e309b120f5b2e8d3101bd273a372bf1,https://p3.ssl.qhimgs1.com/sdr/200_200_/t0119f25d35edaf0773.jpg,"爱尔兰,整修,屋舍",https://p3.ssl.qhimgs1.com/t0119f25d35edaf0773.jpg
9db51570d54f472520a352adb277f173,https://p1.ssl.qhimgs1.com/sdr/200_200_/t01d12546d2f2ac8c3b.jpg,"客厅,装饰,圣诞节,家",https://p1.ssl.qhimgs1.com/t01d12546d2f2ac8c3b.jpg
9d5a47085e5eb42a0adb0d4dc8643219,https://p5.ssl.qhimgs1.com/sdr/200_200_/t01e02c3a0efe55e0c5.jpg,"房子,游泳池",https://p5.ssl.qhimgs1.com/t01e02c3a0efe55e0c5.jpg
9d220fa8f2f447a54a0663b21e7be845,https://p0.ssl.qhimgs1.com/sdr/200_200_/t013092ddb9fe62a34a.jpg,"安徽,建筑",https://p0.ssl.qhimgs1.com/t013092ddb9fe62a34a.jpg
9c081d1d5f90a0a134ed137a57ffa8df,https://p1.ssl.qhimgs1.com/sdr/200_200_/t011719b2c0adb24971.jpg,温室内盛开的菊花金皇后,https://p1.ssl.qhimgs1.com/t011719b2c0adb24971.jpg
9bd8d977ed01c7eff7ba820b6535cb75,https://p2.ssl.qhimgs1.com/sdr/200_200_/t0105bc49a90bd6f83c.jpg,户外家具,https://p2.ssl.qhimgs1.com/t0105bc49a90bd6f83c.jpg
9b773af4416892cfd5141303c8026b22,https://p0.ssl.qhimgs1.com/sdr/200_200_/t015377284c781ca0fe.jpg,"农舍,农田,靠近,凯瑞郡,爱尔兰",https://p0.ssl.qhimgs1.com/t015377284c781ca0fe.jpg
9a19a24a259dbf2f420f4f9c80003e91,https://p0.ssl.qhimgs1.com/sdr/200_200_/t0112d4e4faa770e4fe.jpg,"卢瓦尔河谷,中心,法国,欧洲",https://p0.ssl.qhimgs1.com/t0112d4e4faa770e4fe.jpg
98759f0f376256300b151ef575fb411c,https://p2.ssl.qhimgs1.com/sdr/200_200_/t01a6667540964bda8c.jpg,"道路,都柏林,爱尔兰",https://p2.ssl.qhimgs1.com/t01a6667540964bda8c.jpg
97501032279b0104ef5c847c8d295ef2,https://p0.ssl.qhimgs1.com/sdr/200_200_/t01c1402df2019da206.jpg,温室内盛开的菊花,https://p0.ssl.qhimgs1.com/t01c1402df2019da206.jpg
95caa7e041e04a58323b91bdfb056be1,https://p0.ssl.qhimgs1.com/sdr/200_200_/t017a19a843aec24706.jpg,"死水,印度,亚洲",https://p0.ssl.qhimgs1.com/t017a19a843aec24706.jpg
956b0937a8dc65088a40626e409dd2a0,https://p1.ssl.qhimgs1.com/sdr/200_200_/t01d797b9cf55912437.jpg,"老式,餐桌,椅子,现代,站立,木墙,复古,壁纸,英国,郊区住宅",https://p1.ssl.qhimgs1.com/t01d797b9cf55912437.jpg
d0f3d03fd0be3a257f784504771612e9,https://p3.ssl.qhimgs1.com/sdr/200_200_/t0169e3f2fa732894a9.jpg,"吊床,树上,安静,乡村,湖",https://p3.ssl.qhimgs1.com/t0169e3f2fa732894a9.jpg
d0bb537dc224bbdbfb90fcab5f0916f8,https://p2.ssl.qhimgs1.com/sdr/200_200_/t0179bffaa71f5cdadc.jpg,"奥地利,萨尔茨卡莫古特,哈尔斯塔特,乡村,湖,天鹅,前景",https://p2.ssl.qhimgs1.com/t0179bffaa71f5cdadc.jpg
d03f6e9dce3625328eb062ed99287888,https://p0.ssl.qhimgs1.com/sdr/200_200_/t01472db906ce126ebe.jpg,"花束,黄色,菊花",https://p0.ssl.qhimgs1.com/t01472db906ce126ebe.jpg
d0313d98d7f58dad000451c69944b862,https://p5.ssl.qhimgs1.com/sdr/200_200_/t016f304e739ee2cc15.jpg,"熟铁,花园椅,小,桌子,梯田,旁侧,粗厚,墙壁,天然石",https://p5.ssl.qhimgs1.com/t016f304e739ee2cc15.jpg
cfb5389037cc1c3eb736ae86e940ad74,https://p5.ssl.qhimgs1.com/sdr/200_200_/t01d66cb7a16e85634f.jpg,温室内盛开的粉色蝴蝶兰,https://p5.ssl.qhimgs1.com/t01d66cb7a16e85634f.jpg
cfb0f486ea1d849fccf57508fb2201ce,https://p5.ssl.qhimgs1.com/sdr/200_200_/t0160df9971e77809cf.jpg,爱尔兰,https://p5.ssl.qhimgs1.com/t0160df9971e77809cf.jpg
cd6a5c902f6a66fed963cb18fb333433,https://p1.ssl.qhimgs1.com/sdr/200_200_/t016b98bb4a9e4373f7.jpg,"美国,亚利桑那,喷泉,敞门,家,乡村",https://p1.ssl.qhimgs1.com/t016b98bb4a9e4373f7.jpg
ca3d75682d625c3cd0c1ffa02fb9bff3,https://p3.ssl.qhimgs1.com/sdr/200_200_/t01de0b0b71f9f733e3.jpg,"航拍,乡村,湖",https://p3.ssl.qhimgs1.com/t01de0b0b71f9f733e3.jpg
c9a5b9f564bcae15cd5d42e405c9c530,https://p0.ssl.qhimgs1.com/sdr/200_200_/t010d7a859939ba295e.jpg,"弯曲,金属,墙壁,桌子,蓝色,上面,敞门,花园",https://p0.ssl.qhimgs1.com/t010d7a859939ba295e.jpg
c98d714ce441108ca619b7815d057fa1,https://p5.ssl.qhimgs1.com/sdr/200_200_/t01c4023d7f5d3918b5.jpg,"历史,住宅区,河,新布兰斯维克,加拿大",https://p5.ssl.qhimgs1.com/t01c4023d7f5d3918b5.jpg
c7e31f37a88d53d86552a28cd8c193f2,https://p0.ssl.qhimgs1.com/sdr/200_200_/t0134d886e491cd13d4.jpg,"南部-比利牛斯大区,法国,欧洲",https://p0.ssl.qhimgs1.com/t0134d886e491cd13d4.jpg
c7a814d756d4b7f17b8fa777f81a3e86,https://p2.ssl.qhimgs1.com/sdr/200_200_/t01271278279564d168.jpg,"屋顶,房子,俯视图",https://p2.ssl.qhimgs1.com/t01271278279564d168.jpg
c6c0e64262aeafcbecd56a9d8b20d049,https://p0.ssl.qhimgs1.com/sdr/200_200_/t01eeb641da88e3156a.jpg,"花束,洒水壶,猫,背景",https://p0.ssl.qhimgs1.com/t01eeb641da88e3156a.jpg
94a78daee75864611306a7ffd8badd99,https://p5.ssl.qhimgs1.com/sdr/200_200_/t01591f7ccd2ddfb3ff.jpg,四川泸州古蔺县太平古镇,https://p5.ssl.qhimgs1.com/t01591f7ccd2ddfb3ff.jpg
93aabff705e1e59783e3d6bc5b3ae52a,https://p2.ssl.qhimgs1.com/sdr/200_200_/t0165de845cd144b3c8.jpg,"特色,街道,省,瓦伦西亚,西班牙",https://p2.ssl.qhimgs1.com/t0165de845cd144b3c8.jpg
92ee2c56ce5c5f9471c5aa365dd23138,https://p0.ssl.qhimgs1.com/sdr/200_200_/t01b4ceee9274ccd776.jpg,"光滑面,陶器,盘子,装饰,厨房用桌,午餐",https://p0.ssl.qhimgs1.com/t01b4ceee9274ccd776.jpg
